chart,title,why,insight,business_impact
01_class_distribution,Image count by class and split,A grouped count plot checks coverage and split composition.,"Counts are calculated directly from the supplied folders, making class imbalance visible before training.",The training plan can use class-aware metrics and class weights if the imbalance affects recall.
02_class_percentage,Overall class percentage,Percentages make imbalance easier to compare than raw counts.,Each bar shows the share of all images assigned to a class.,Balanced evaluation avoids letting the largest class dominate reported accuracy.
03_width_distribution,Image width distribution,A width histogram checks whether resizing is required.,"The supplied images share a consistent width, so model resizing is standardization rather than repair for mixed dimensions.",A consistent input pipeline reduces preprocessing surprises.
04_height_distribution,Image height distribution,A height histogram complements width inspection.,The supplied images share a consistent height.,Uniform source dimensions support deterministic batching.
05_aspect_ratio,Aspect ratio distribution,Aspect ratio reveals stretching risk.,"The images have a 1:1 aspect ratio, so resizing to a square input does not introduce geometric distortion.",Preserving shape reduces a preventable source of visual artifacts.
06_brightness_distribution,Mean brightness distribution,Brightness highlights acquisition and preprocessing variability.,"The distribution is measured from grayscale pixel values normalized to [0, 1].",Contrast-aware augmentation can improve robustness to scanner and protocol differences.
07_contrast_distribution,Within-image contrast distribution,Per-image standard deviation is a simple contrast proxy.,The chart compares grayscale intensity spread across images.,Very low contrast samples may need review or careful augmentation.
08_class_brightness,Brightness by class,A class box plot checks whether brightness differs systematically by label.,"Boxes show the observed distribution for each class, not a causal effect.","Systematic acquisition differences could become shortcuts, so results should be validated on external data."
09_class_contrast,Contrast by class,A class box plot checks contrast differences across labels.,The observed spread identifies whether some classes are visually easier or harder due to contrast.,Model performance should be read alongside per-class recall.
10_class_aspect,Aspect ratio by class,A class comparison checks whether geometry is label-dependent.,All folders use the same square source geometry.,There is no evidence here that aspect ratio can act as a class shortcut.
11_samples_by_class,Representative image per class,A labeled gallery validates that folder labels match visible sample content.,The gallery is selected deterministically from each class.,Visual inspection is a basic safety check before training a medical-imaging classifier.
12_random_image_grid,Randomized image grid,A grid exposes variation that a single sample can hide.,The displayed images are sampled with a fixed seed for reproducibility.,Variation supports decisions about augmentation and error review.
13_augmentation_examples,Augmentation examples,"Before training, transformations should be visually inspected for plausibility.","The panel applies mild flips, rotation, zoom, and contrast changes to a representative image.",Plausible augmentation can improve generalization without creating anatomically implausible images.
14_intensity_by_class,Pixel intensity distributions by class,Intensity curves compare the full grayscale value distribution by label.,Curves summarize actual pixels from the dataset rather than model outputs.,Strong differences may indicate acquisition bias and motivate external validation.
15_split_composition,Split composition by class,"A normalized stacked bar chart checks whether train, valid, and test have similar class proportions.",The provided split proportions can be compared without being confounded by split size.,A representative test set makes model comparison more credible.
